{
	"credit": "Made with Blockbench",
	"textures": {
		"0": "custom:item/phx_barrier",
		"particle": "custom:item/phx_barrier"
	},
	"elements": [
		{
			"from": [1, 3, 7],
			"to": [3, 13, 9],
			"faces": {
				"north": {"uv": [0.25, 0.25, 0.75, 0.75], "texture": "#0"},
				"east": {"uv": [1.25, 0.25, 1.75, 0.75], "texture": "#0"},
				"south": {"uv": [2.25, 0.25, 2.75, 0.75], "texture": "#0"},
				"west": {"uv": [3.25, 0.25, 3.75, 0.75], "texture": "#0"},
				"up": {"uv": [4.25, 0.25, 4.75, 0.75], "texture": "#0"},
				"down": {"uv": [5.25, 0.25, 5.75, 0.75], "texture": "#0"}
			}
		},
		{
			"from": [3, 1, 7],
			"to": [13, 3, 9],
			"faces": {
				"north": {"uv": [12.25, 0.25, 12.75, 0.75], "texture": "#0"},
				"east": {"uv": [13.25, 0.25, 13.75, 0.75], "texture": "#0"},
				"south": {"uv": [14.25, 0.25, 14.75, 0.75], "texture": "#0"},
				"west": {"uv": [15.25, 0.25, 15.75, 0.75], "texture": "#0"},
				"up": {"uv": [0.25, 1.25, 0.75, 1.75], "texture": "#0"},
				"down": {"uv": [1.25, 1.25, 1.75, 1.75], "texture": "#0"}
			}
		},
		{
			"from": [3, 13, 7],
			"to": [13, 15, 9],
			"faces": {
				"north": {"uv": [2.25, 1.25, 2.75, 1.75], "texture": "#0"},
				"east": {"uv": [3.25, 1.25, 3.75, 1.75], "texture": "#0"},
				"south": {"uv": [4.25, 1.25, 4.75, 1.75], "texture": "#0"},
				"west": {"uv": [5.25, 1.25, 5.75, 1.75], "texture": "#0"},
				"up": {"uv": [6.25, 1.25, 6.75, 1.75], "texture": "#0"},
				"down": {"uv": [7.25, 1.25, 7.75, 1.75], "texture": "#0"}
			}
		},
		{
			"from": [13, 3, 7],
			"to": [15, 13, 9],
			"faces": {
				"north": {"uv": [6.25, 0.25, 6.75, 0.75], "texture": "#0"},
				"east": {"uv": [7.25, 0.25, 7.75, 0.75], "texture": "#0"},
				"south": {"uv": [8.25, 0.25, 8.75, 0.75], "texture": "#0"},
				"west": {"uv": [9.25, 0.25, 9.75, 0.75], "texture": "#0"},
				"up": {"uv": [10.25, 0.25, 10.75, 0.75], "texture": "#0"},
				"down": {"uv": [11.25, 0.25, 11.75, 0.75], "texture": "#0"}
			}
		},
		{
			"from": [2, 13, 7],
			"to": [3, 14, 9],
			"faces": {
				"north": {"uv": [8.25, 1.25, 8.75, 1.75], "texture": "#0"},
				"east": {"uv": [9.25, 1.25, 9.75, 1.75], "texture": "#0"},
				"south": {"uv": [10.25, 1.25, 10.75, 1.75], "texture": "#0"},
				"west": {"uv": [11.25, 1.25, 11.75, 1.75], "texture": "#0"},
				"up": {"uv": [12.25, 1.25, 12.75, 1.75], "texture": "#0"},
				"down": {"uv": [13.25, 1.25, 13.75, 1.75], "texture": "#0"}
			}
		},
		{
			"from": [3, 12, 7],
			"to": [4, 13, 9],
			"faces": {
				"north": {"uv": [14.25, 1.25, 14.75, 1.75], "texture": "#0"},
				"east": {"uv": [15.25, 1.25, 15.75, 1.75], "texture": "#0"},
				"south": {"uv": [0.25, 2.25, 0.75, 2.75], "texture": "#0"},
				"west": {"uv": [1.25, 2.25, 1.75, 2.75], "texture": "#0"},
				"up": {"uv": [2.25, 2.25, 2.75, 2.75], "texture": "#0"},
				"down": {"uv": [3.25, 2.25, 3.75, 2.75], "texture": "#0"}
			}
		},
		{
			"from": [3, 12, 7],
			"to": [4, 13, 9],
			"faces": {
				"north": {"uv": [14.25, 7.25, 14.75, 7.75], "texture": "#0"},
				"east": {"uv": [15.25, 7.25, 15.75, 7.75], "texture": "#0"},
				"south": {"uv": [0.25, 8.25, 0.75, 8.75], "texture": "#0"},
				"west": {"uv": [1.25, 8.25, 1.75, 8.75], "texture": "#0"},
				"up": {"uv": [2.25, 8.25, 2.75, 8.75], "texture": "#0"},
				"down": {"uv": [3.25, 8.25, 3.75, 8.75], "texture": "#0"}
			}
		},
		{
			"from": [3, 3, 7],
			"to": [4, 4, 9],
			"faces": {
				"north": {"uv": [4.25, 2.25, 4.75, 2.75], "texture": "#0"},
				"east": {"uv": [5.25, 2.25, 5.75, 2.75], "texture": "#0"},
				"south": {"uv": [6.25, 2.25, 6.75, 2.75], "texture": "#0"},
				"west": {"uv": [7.25, 2.25, 7.75, 2.75], "texture": "#0"},
				"up": {"uv": [8.25, 2.25, 8.75, 2.75], "texture": "#0"},
				"down": {"uv": [9.25, 2.25, 9.75, 2.75], "texture": "#0"}
			}
		},
		{
			"from": [2, 2, 7],
			"to": [3, 3, 9],
			"faces": {
				"north": {"uv": [10.25, 2.25, 10.75, 2.75], "texture": "#0"},
				"east": {"uv": [11.25, 2.25, 11.75, 2.75], "texture": "#0"},
				"south": {"uv": [12.25, 2.25, 12.75, 2.75], "texture": "#0"},
				"west": {"uv": [13.25, 2.25, 13.75, 2.75], "texture": "#0"},
				"up": {"uv": [14.25, 2.25, 14.75, 2.75], "texture": "#0"},
				"down": {"uv": [15.25, 2.25, 15.75, 2.75], "texture": "#0"}
			}
		},
		{
			"from": [13, 2, 7],
			"to": [14, 3, 9],
			"faces": {
				"north": {"uv": [0.25, 3.25, 0.75, 3.75], "texture": "#0"},
				"east": {"uv": [1.25, 3.25, 1.75, 3.75], "texture": "#0"},
				"south": {"uv": [2.25, 3.25, 2.75, 3.75], "texture": "#0"},
				"west": {"uv": [3.25, 3.25, 3.75, 3.75], "texture": "#0"},
				"up": {"uv": [4.25, 3.25, 4.75, 3.75], "texture": "#0"},
				"down": {"uv": [5.25, 3.25, 5.75, 3.75], "texture": "#0"}
			}
		},
		{
			"from": [12, 3, 7],
			"to": [13, 4, 9],
			"faces": {
				"north": {"uv": [6.25, 3.25, 6.75, 3.75], "texture": "#0"},
				"east": {"uv": [7.25, 3.25, 7.75, 3.75], "texture": "#0"},
				"south": {"uv": [8.25, 3.25, 8.75, 3.75], "texture": "#0"},
				"west": {"uv": [9.25, 3.25, 9.75, 3.75], "texture": "#0"},
				"up": {"uv": [10.25, 3.25, 10.75, 3.75], "texture": "#0"},
				"down": {"uv": [11.25, 3.25, 11.75, 3.75], "texture": "#0"}
			}
		},
		{
			"from": [12, 12, 7],
			"to": [13, 13, 9],
			"faces": {
				"north": {"uv": [12.25, 3.25, 12.75, 3.75], "texture": "#0"},
				"east": {"uv": [13.25, 3.25, 13.75, 3.75], "texture": "#0"},
				"south": {"uv": [14.25, 3.25, 14.75, 3.75], "texture": "#0"},
				"west": {"uv": [15.25, 3.25, 15.75, 3.75], "texture": "#0"},
				"up": {"uv": [0.25, 4.25, 0.75, 4.75], "texture": "#0"},
				"down": {"uv": [1.25, 4.25, 1.75, 4.75], "texture": "#0"}
			}
		},
		{
			"from": [13, 13, 7],
			"to": [14, 14, 9],
			"faces": {
				"north": {"uv": [2.25, 4.25, 2.75, 4.75], "texture": "#0"},
				"east": {"uv": [3.25, 4.25, 3.75, 4.75], "texture": "#0"},
				"south": {"uv": [4.25, 4.25, 4.75, 4.75], "texture": "#0"},
				"west": {"uv": [5.25, 4.25, 5.75, 4.75], "texture": "#0"},
				"up": {"uv": [6.25, 4.25, 6.75, 4.75], "texture": "#0"},
				"down": {"uv": [7.25, 4.25, 7.75, 4.75], "texture": "#0"}
			}
		},
		{
			"from": [11, 11, 7],
			"to": [13, 13, 9],
			"faces": {
				"north": {"uv": [8.25, 4.25, 8.75, 4.75], "texture": "#0"},
				"east": {"uv": [9.25, 4.25, 9.75, 4.75], "texture": "#0"},
				"south": {"uv": [10.25, 4.25, 10.75, 4.75], "texture": "#0"},
				"west": {"uv": [11.25, 4.25, 11.75, 4.75], "texture": "#0"},
				"up": {"uv": [12.25, 4.25, 12.75, 4.75], "texture": "#0"},
				"down": {"uv": [13.25, 4.25, 13.75, 4.75], "texture": "#0"}
			}
		},
		{
			"from": [10, 10, 7],
			"to": [12, 12, 9],
			"faces": {
				"north": {"uv": [14.25, 4.25, 14.75, 4.75], "texture": "#0"},
				"east": {"uv": [15.25, 4.25, 15.75, 4.75], "texture": "#0"},
				"south": {"uv": [0.25, 5.25, 0.75, 5.75], "texture": "#0"},
				"west": {"uv": [1.25, 5.25, 1.75, 5.75], "texture": "#0"},
				"up": {"uv": [2.25, 5.25, 2.75, 5.75], "texture": "#0"},
				"down": {"uv": [3.25, 5.25, 3.75, 5.75], "texture": "#0"}
			}
		},
		{
			"from": [9, 9, 7],
			"to": [11, 11, 9],
			"faces": {
				"north": {"uv": [4.25, 5.25, 4.75, 5.75], "texture": "#0"},
				"east": {"uv": [5.25, 5.25, 5.75, 5.75], "texture": "#0"},
				"south": {"uv": [6.25, 5.25, 6.75, 5.75], "texture": "#0"},
				"west": {"uv": [7.25, 5.25, 7.75, 5.75], "texture": "#0"},
				"up": {"uv": [8.25, 5.25, 8.75, 5.75], "texture": "#0"},
				"down": {"uv": [9.25, 5.25, 9.75, 5.75], "texture": "#0"}
			}
		},
		{
			"from": [8, 8, 7],
			"to": [10, 10, 9],
			"faces": {
				"north": {"uv": [10.25, 5.25, 10.75, 5.75], "texture": "#0"},
				"east": {"uv": [11.25, 5.25, 11.75, 5.75], "texture": "#0"},
				"south": {"uv": [12.25, 5.25, 12.75, 5.75], "texture": "#0"},
				"west": {"uv": [13.25, 5.25, 13.75, 5.75], "texture": "#0"},
				"up": {"uv": [14.25, 5.25, 14.75, 5.75], "texture": "#0"},
				"down": {"uv": [15.25, 5.25, 15.75, 5.75], "texture": "#0"}
			}
		},
		{
			"from": [7, 7, 7],
			"to": [9, 9, 9],
			"faces": {
				"north": {"uv": [0.25, 6.25, 0.75, 6.75], "texture": "#0"},
				"east": {"uv": [1.25, 6.25, 1.75, 6.75], "texture": "#0"},
				"south": {"uv": [2.25, 6.25, 2.75, 6.75], "texture": "#0"},
				"west": {"uv": [3.25, 6.25, 3.75, 6.75], "texture": "#0"},
				"up": {"uv": [4.25, 6.25, 4.75, 6.75], "texture": "#0"},
				"down": {"uv": [5.25, 6.25, 5.75, 6.75], "texture": "#0"}
			}
		},
		{
			"from": [6, 6, 7],
			"to": [8, 8, 9],
			"faces": {
				"north": {"uv": [6.25, 6.25, 6.75, 6.75], "texture": "#0"},
				"east": {"uv": [7.25, 6.25, 7.75, 6.75], "texture": "#0"},
				"south": {"uv": [8.25, 6.25, 8.75, 6.75], "texture": "#0"},
				"west": {"uv": [9.25, 6.25, 9.75, 6.75], "texture": "#0"},
				"up": {"uv": [10.25, 6.25, 10.75, 6.75], "texture": "#0"},
				"down": {"uv": [11.25, 6.25, 11.75, 6.75], "texture": "#0"}
			}
		},
		{
			"from": [5, 5, 7],
			"to": [7, 7, 9],
			"faces": {
				"north": {"uv": [12.25, 6.25, 12.75, 6.75], "texture": "#0"},
				"east": {"uv": [13.25, 6.25, 13.75, 6.75], "texture": "#0"},
				"south": {"uv": [14.25, 6.25, 14.75, 6.75], "texture": "#0"},
				"west": {"uv": [15.25, 6.25, 15.75, 6.75], "texture": "#0"},
				"up": {"uv": [0.25, 7.25, 0.75, 7.75], "texture": "#0"},
				"down": {"uv": [1.25, 7.25, 1.75, 7.75], "texture": "#0"}
			}
		},
		{
			"from": [4, 4, 7],
			"to": [6, 6, 9],
			"faces": {
				"north": {"uv": [2.25, 7.25, 2.75, 7.75], "texture": "#0"},
				"east": {"uv": [3.25, 7.25, 3.75, 7.75], "texture": "#0"},
				"south": {"uv": [4.25, 7.25, 4.75, 7.75], "texture": "#0"},
				"west": {"uv": [5.25, 7.25, 5.75, 7.75], "texture": "#0"},
				"up": {"uv": [6.25, 7.25, 6.75, 7.75], "texture": "#0"},
				"down": {"uv": [7.25, 7.25, 7.75, 7.75], "texture": "#0"}
			}
		},
		{
			"from": [3, 3, 7],
			"to": [5, 5, 9],
			"faces": {
				"north": {"uv": [8.25, 7.25, 8.75, 7.75], "texture": "#0"},
				"east": {"uv": [9.25, 7.25, 9.75, 7.75], "texture": "#0"},
				"south": {"uv": [10.25, 7.25, 10.75, 7.75], "texture": "#0"},
				"west": {"uv": [11.25, 7.25, 11.75, 7.75], "texture": "#0"},
				"up": {"uv": [12.25, 7.25, 12.75, 7.75], "texture": "#0"},
				"down": {"uv": [13.25, 7.25, 13.75, 7.75], "texture": "#0"}
			}
		}
	],
	"display": {
		"thirdperson_righthand": {
			"translation": [0.25, 3, 0.5],
			"scale": [0.43, 0.43, 0.43]
		},
		"thirdperson_lefthand": {
			"translation": [0.25, 3, 0.5],
			"scale": [0.43, 0.43, 0.43]
		},
		"firstperson_righthand": {
			"translation": [0.25, 3, 0.5],
			"scale": [0.43, 0.43, 0.43]
		},
		"firstperson_lefthand": {
			"translation": [0.25, 3, 0.5],
			"scale": [0.43, 0.43, 0.43]
		},
		"ground": {
			"translation": [0.25, 3, 0.5],
			"scale": [0.43, 0.43, 0.43]
		},
		"head": {
			"translation": [0.25, 9.75, -17],
			"scale": [0.43, 0.43, 0.43]
		},
		"fixed": {
			"rotation": [0, 180, 0],
			"translation": [-64, 0, 0],
			"scale": [4, 4, 4]
		}
	}
}