{
	"credit": "made by itsphxjupiter",
	"parent": "minecraft:item/carved_pumpkin",
	"texture_size": [16, 16],
	"textures": {
		"0": "custom:item/smile",
		"particle": "custom:item/smile"
	},
	"elements": [
		{
			"from": [11, 8, 7],
			"to": [12, 9, 8],
			"faces": {
				"north": {"uv": [0, 0, 2, 2], "texture": "#0"},
				"east": {"uv": [0, 0, 2, 2], "texture": "#0"},
				"south": {"uv": [0, 0, 2, 2], "texture": "#0"},
				"west": {"uv": [0, 0, 2, 2], "texture": "#0"},
				"up": {"uv": [0, 0, 2, 2], "texture": "#0"},
				"down": {"uv": [0, 0, 2, 2], "texture": "#0"}
			}
		},
		{
			"from": [12, 9, 7],
			"to": [13, 10, 8],
			"faces": {
				"north": {"uv": [0, 0, 2, 2], "texture": "#0"},
				"east": {"uv": [0, 0, 2, 2], "texture": "#0"},
				"south": {"uv": [0, 0, 2, 2], "texture": "#0"},
				"west": {"uv": [0, 0, 2, 2], "texture": "#0"},
				"up": {"uv": [0, 0, 2, 2], "texture": "#0"},
				"down": {"uv": [0, 0, 2, 2], "texture": "#0"}
			}
		},
		{
			"from": [3, 9, 7],
			"to": [4, 10, 8],
			"faces": {
				"north": {"uv": [5, 1, 6, 2], "texture": "#0"},
				"east": {"uv": [5, 2, 6, 3], "texture": "#0"},
				"south": {"uv": [5, 3, 6, 4], "texture": "#0"},
				"west": {"uv": [4, 5, 5, 6], "texture": "#0"},
				"up": {"uv": [6, 6, 5, 5], "texture": "#0"},
				"down": {"uv": [1, 6, 0, 7], "texture": "#0"}
			}
		},
		{
			"from": [4, 8, 7],
			"to": [5, 9, 8],
			"faces": {
				"north": {"uv": [0, 0, 2, 2], "texture": "#0"},
				"east": {"uv": [0, 0, 2, 2], "texture": "#0"},
				"south": {"uv": [0, 0, 2, 2], "texture": "#0"},
				"west": {"uv": [0, 0, 2, 2], "texture": "#0"},
				"up": {"uv": [0, 0, 2, 2], "texture": "#0"},
				"down": {"uv": [0, 0, 2, 2], "texture": "#0"}
			}
		},
		{
			"from": [5, 7, 7],
			"to": [11, 8, 8],
			"faces": {
				"north": {"uv": [0, 0, 2, 2], "texture": "#0"},
				"east": {"uv": [0, 0, 2, 2], "texture": "#0"},
				"south": {"uv": [0, 0, 2, 2], "texture": "#0"},
				"west": {"uv": [0, 0, 2, 2], "texture": "#0"},
				"up": {"uv": [0, 0, 2, 2], "texture": "#0"},
				"down": {"uv": [0, 0, 2, 2], "texture": "#0"}
			}
		},
		{
			"from": [5, 13, 7],
			"to": [7, 15, 8],
			"faces": {
				"north": {"uv": [0, 0, 2, 2], "texture": "#0"},
				"east": {"uv": [2, 0, 3, 2], "texture": "#0"},
				"south": {"uv": [0, 2, 2, 4], "texture": "#0"},
				"west": {"uv": [2, 2, 3, 4], "texture": "#0"},
				"up": {"uv": [5, 1, 3, 0], "texture": "#0"},
				"down": {"uv": [5, 1, 3, 2], "texture": "#0"}
			}
		},
		{
			"from": [9, 13, 7],
			"to": [11, 15, 8],
			"faces": {
				"north": {"uv": [3, 2, 5, 4], "texture": "#0"},
				"east": {"uv": [2, 4, 3, 6], "texture": "#0"},
				"south": {"uv": [0, 4, 2, 6], "texture": "#0"},
				"west": {"uv": [3, 4, 4, 6], "texture": "#0"},
				"up": {"uv": [6, 5, 4, 4], "texture": "#0"},
				"down": {"uv": [7, 0, 5, 1], "texture": "#0"}
			}
		}
	],
	"display": {
		"gui": {
			"translation": [0, -2.5, 0],
			"scale": [1.2, 1.2, 1.2]
		},
		"head": {
			"translation": [0, 9.25, 0]
		},
		"fixed": {
			"translation": [0, -2.75, 0],
			"scale": [1.2, 1.2, 1.2]
		}
	},
	"groups": [
		{
			"name": "group",
			"origin": [8, 8, 8],
			"color": 0,
			"children": [0, 1, 2, 3, 4, 5, 6]
		}
	]
}