{
	"credit": "Made with Blockbench",
	"ambientocclusion": false,
	"texture_size": [64, 64],
	"textures": {
		"0": "custom:item/phx_hat",
		"particle": "custom:item/phx_hat"
	},
	"elements": [
		{
			"from": [2, 0, 2],
			"to": [14, 8, 14],
			"faces": {
				"north": {"uv": [3.5, 6, 6.5, 8], "texture": "#0"},
				"east": {"uv": [6.5, 0, 9.5, 2], "texture": "#0"},
				"south": {"uv": [6.5, 2, 9.5, 4], "texture": "#0"},
				"west": {"uv": [6.5, 4, 9.5, 6], "texture": "#0"},
				"up": {"uv": [6.5, 3, 3.5, 0], "texture": "#0"},
				"down": {"uv": [6.5, 3, 3.5, 6], "texture": "#0"}
			}
		},
		{
			"from": [1, 0, 1],
			"to": [15, 2, 15],
			"faces": {
				"north": {"uv": [8.5, 6, 12, 6.5], "texture": "#0"},
				"east": {"uv": [8.5, 6.5, 12, 7], "texture": "#0"},
				"south": {"uv": [8.5, 7, 12, 7.5], "texture": "#0"},
				"west": {"uv": [8.5, 7.5, 12, 8], "texture": "#0"},
				"up": {"uv": [3.5, 3.5, 0, 0], "texture": "#0"},
				"down": {"uv": [3.5, 3.5, 0, 7], "texture": "#0"}
			}
		},
		{
			"from": [4, 8, 4],
			"to": [12, 13, 12],
			"faces": {
				"north": {"uv": [2, 8, 4, 9.25], "texture": "#0"},
				"east": {"uv": [4, 8, 6, 9.25], "texture": "#0"},
				"south": {"uv": [6, 8, 8, 9.25], "texture": "#0"},
				"west": {"uv": [8, 8, 10, 9.25], "texture": "#0"},
				"up": {"uv": [8.5, 8, 6.5, 6], "texture": "#0"},
				"down": {"uv": [2, 7, 0, 9], "texture": "#0"}
			}
		}
	],
	"display": {
		"thirdperson_righthand": {
			"translation": [0, 5.25, 0],
			"scale": [0.66, 0.66, 0.66]
		},
		"thirdperson_lefthand": {
			"translation": [0, 5.5, 0],
			"scale": [0.66, 0.66, 0.66]
		},
		"ground": {
			"translation": [0, 4.25, 0],
			"scale": [0.66, 0.66, 0.66]
		},
		"gui": {
			"translation": [0, -2.5, 0],
			"scale": [1.2, 1.2, 1.2]
		},
		"head": {
			"translation": [0, 13, 0]
		},
		"fixed": {
			"translation": [0, -2.75, 0],
			"scale": [1.2, 1.2, 1.2]
		}
	}
}