{
  "parent": "minecraft:block/carved_pumpkin",
  "overrides": [
	{ "predicate": {"custom_model_data": 1}, "model": "custom:item/trophy_gold"},
	{ "predicate": {"custom_model_data": 2}, "model": "custom:item/trophy_s_gold"},
	{ "predicate": {"custom_model_data": 3}, "model": "custom:item/trophy_z_gold"},
	{ "predicate": {"custom_model_data": 4}, "model": "custom:item/trophy_copper"},
	{ "predicate": {"custom_model_data": 5}, "model": "custom:item/trophy_s_copper"},
	{ "predicate": {"custom_model_data": 6}, "model": "custom:item/trophy_z_copper"},
	{ "predicate": {"custom_model_data": 7}, "model": "custom:item/trophy_iron"},
	{ "predicate": {"custom_model_data": 8}, "model": "custom:item/trophy_s_iron"},
	{ "predicate": {"custom_model_data": 9}, "model": "custom:item/trophy_z_iron"},
	{ "predicate": {"custom_model_data": 10}, "model": "custom:item/scarears_minimal"},
	{ "predicate": {"custom_model_data": 11}, "model": "custom:item/scarears_hd"},
	{ "predicate": {"custom_model_data": 12}, "model": "custom:item/parkour_crown"},
	{ "predicate": {"custom_model_data": 13}, "model": "custom:item/trophy_ghost"},
	{ "predicate": {"custom_model_data": 14}, "model": "custom:item/trophy_s_ghost"},
	{ "predicate": {"custom_model_data": 15}, "model": "custom:item/trophy_z_ghost"},
	{ "predicate": {"custom_model_data": 16}, "model": "custom:item/creeper_walk_animation"},
    { "predicate": {"custom_model_data": 17}, "model": "custom:item/creeper_exploding_animation"},
    { "predicate": {"custom_model_data": 18}, "model": "custom:item/creeper_animated"},
    { "predicate": {"custom_model_data": 19}, "model": "custom:item/creeper"},
	{ "predicate": {"custom_model_data": 20}, "model": "custom:item/egg/gold"},
	{ "predicate": {"custom_model_data": 21}, "model": "custom:item/egg/bdubs"},
	{ "predicate": {"custom_model_data": 22}, "model": "custom:item/egg/beef"},
	{ "predicate": {"custom_model_data": 23}, "model": "custom:item/egg/cleo"},
	{ "predicate": {"custom_model_data": 24}, "model": "custom:item/egg/cub"},
	{ "predicate": {"custom_model_data": 25}, "model": "custom:item/egg/docm"},
	{ "predicate": {"custom_model_data": 26}, "model": "custom:item/egg/false"},
	{ "predicate": {"custom_model_data": 27}, "model": "custom:item/egg/grian"},
	{ "predicate": {"custom_model_data": 28}, "model": "custom:item/egg/hypno"},
	{ "predicate": {"custom_model_data": 29}, "model": "custom:item/egg/impulse"},
	{ "predicate": {"custom_model_data": 30}, "model": "custom:item/egg/iskall"},
	{ "predicate": {"custom_model_data": 31}, "model": "custom:item/egg/jevin"},
	{ "predicate": {"custom_model_data": 32}, "model": "custom:item/egg/joe"},
	{ "predicate": {"custom_model_data": 33}, "model": "custom:item/egg/pearl"},
	{ "predicate": {"custom_model_data": 34}, "model": "custom:item/egg/scar"},
	{ "predicate": {"custom_model_data": 35}, "model": "custom:item/egg/stress"},
	{ "predicate": {"custom_model_data": 36}, "model": "custom:item/egg/wels"},
	{ "predicate": {"custom_model_data": 37}, "model": "custom:item/egg/xb"},
	{ "predicate": {"custom_model_data": 38}, "model": "custom:item/egg/xisuma"},
	{ "predicate": {"custom_model_data": 39}, "model": "custom:item/egg/zed"},
	{ "predicate": {"custom_model_data": 40}, "model": "custom:item/impulsebeard"},
	{ "predicate": {"custom_model_data": 41}, "model": "custom:item/bigskallhead"},
	{ "predicate": {"custom_model_data": 42}, "model": "custom:item/x_skull_helmet"},
	{ "predicate": {"custom_model_data": 43}, "model": "custom:item/scarhardhat"},
	{ "predicate": {"custom_model_data": 44}, "model": "custom:item/dunce_hat"},
	{ "predicate": {"custom_model_data": 45}, "model": "custom:item/mini_crown"},
	{ "predicate": {"custom_model_data": 46}, "model": "custom:item/tango_hood"},
	{ "predicate": {"custom_model_data": 47}, "model": "custom:item/dragon_bro"},
	{ "predicate": {"custom_model_data": 48}, "model": "custom:item/do/decked_out_door"},
	{ "predicate": {"custom_model_data": 49}, "model": "custom:item/stone_facade"},
	{ "predicate": {"custom_model_data": 50}, "model": "custom:item/wreath_model"},
	{ "predicate": {"custom_model_data": 51}, "model": "custom:item/x_skull_helmet_shards"},
	{ "predicate": {"custom_model_data": 52}, "model": "custom:item/jellie_ears_headband"},
	{ "predicate": {"custom_model_data": 53}, "model": "custom:item/jellie_hat"},
	{ "predicate": {"custom_model_data": 54}, "model": "custom:item/jellie_balloon"},
	{ "predicate": {"custom_model_data": 55}, "model": "custom:item/jellie_balloon_duo"},
	{ "predicate": {"custom_model_data": 56}, "model": "custom:item/pink_green_balloon"},
	{ "predicate": {"custom_model_data": 57}, "model": "custom:item/antlers"},
	{ "predicate": {"custom_model_data": 58}, "model": "custom:item/elfhat"},
	{ "predicate": {"custom_model_data": 59}, "model": "custom:item/santahat"},
	{ "predicate": {"custom_model_data": 60}, "model": "custom:item/bobafetthelmet"},
	{ "predicate": {"custom_model_data": 61}, "model": "custom:item/mandalorianhelmet"},
	{ "predicate": {"custom_model_data": 62}, "model": "custom:item/stormtrooper"},
	{ "predicate": {"custom_model_data": 63}, "model": "custom:item/yodaears"},
	{ "predicate": {"custom_model_data": 64}, "model": "custom:item/ezed_kniezed_helmet"},
	{ "predicate": {"custom_model_data": 65}, "model": "custom:item/tcgpyramid"},
	{ "predicate": {"custom_model_data": 66}, "model": "custom:item/tcg_prize_evilx"},
	{ "predicate": {"custom_model_data": 67}, "model": "custom:item/finaltrophy"},
	{ "predicate": {"custom_model_data": 68}, "model": "custom:item/tcg_trophy"},
	{ "predicate": {"custom_model_data": 69}, "model": "custom:item/hg/hg_1x2_calendar_hotguy"},
	{ "predicate": {"custom_model_data": 70}, "model": "custom:item/hg/hg_1x2_calendar_hotguy_signed"},
	{ "predicate": {"custom_model_data": 71}, "model": "custom:item/hg/hg_1x2_calendar_volley"},
	{ "predicate": {"custom_model_data": 72}, "model": "custom:item/hg/hg_1x2_calendar_volley_signed"},
	{ "predicate": {"custom_model_data": 73}, "model": "custom:item/hg/hg_2x2_photo"},
	{ "predicate": {"custom_model_data": 74}, "model": "custom:item/hg/hg_2x2_photo_signed"},
	{ "predicate": {"custom_model_data": 75}, "model": "custom:item/hg/hg_4x4_photo"},
	{ "predicate": {"custom_model_data": 76}, "model": "custom:item/hg/hg_4x4_photo_signed"},
	{ "predicate": {"custom_model_data": 77}, "model": "custom:item/basic_crown"},
	{ "predicate": {"custom_model_data": 78}, "model": "custom:item/mid_crown"},
	{ "predicate": {"custom_model_data": 79}, "model": "custom:item/mumbo_crown_purple"},
	{ "predicate": {"custom_model_data": 80}, "model": "custom:item/zed_shepherd"},
	{ "predicate": {"custom_model_data": 81}, "model": "custom:item/simulation_block"},
	{ "predicate": {"custom_model_data": 82}, "model": "custom:item/scarland_ticketbook"},
	{ "predicate": {"custom_model_data": 83}, "model": "custom:item/scarland_ticketbook_gold"},
	{ "predicate": {"custom_model_data": 84}, "model": "custom:item/pearl_hardhat"},
	{ "predicate": {"custom_model_data": 85}, "model": "custom:item/impulse_hardhat"},
    { "predicate": {"custom_model_data": 86}, "model": "custom:item/do/deco/glyphblock"},
    { "predicate": {"custom_model_data": 87}, "model": "custom:item/do/deco/glyphdoor"},
    { "predicate": {"custom_model_data": 88}, "model": "custom:item/do/deco/glyphgatebarrier"},
    { "predicate": {"custom_model_data": 89}, "model": "custom:item/do/deco/glyphblock2"},
	{ "predicate": {"custom_model_data": 90}, "model": "custom:item/ticket_person"},
	{ "predicate": {"custom_model_data": 91}, "model": "custom:item/do/yeti/yeti"},
	{ "predicate": {"custom_model_data": 92}, "model": "custom:item/do/deckedoutgifts/phasetrophy"},
	{ "predicate": {"custom_model_data": 93}, "model": "custom:item/do/deckedoutgifts/deathroomtrophy"},
	{ "predicate": {"custom_model_data": 94}, "model": "custom:item/ravager_running"},
	{ "predicate": {"custom_model_data": 95}, "model": "custom:item/ravager_all_head"},
	{ "predicate": {"custom_model_data": 96}, "model": "custom:item/ravager_model"},
	{ "predicate": {"custom_model_data": 97}, "model": "custom:item/do/yeti/yeti"},
	{ "predicate": {"custom_model_data": 98}, "model": "custom:item/do/deckedoutgifts/egg_hunter"},
	{ "predicate": {"custom_model_data": 99}, "model": "custom:item/do/crown/riddlecrown"},
	{"predicate": {"custom_model_data": 100}, "model": "custom:item/gtwscar_pirate_hat"},
	{"predicate": {"custom_model_data": 101}, "model": "custom:item/scarhat"},
	{"predicate": {"custom_model_data": 102}, "model": "custom:item/phx_hat"},
	{"predicate": {"custom_model_data": 103}, "model": "custom:item/phx_smile"},
	{"predicate": {"custom_model_data": 104}, "model": "custom:item/phx_barrier"},
	{"predicate": {"custom_model_data": 105}, "model": "custom:item/recording"}
  ]
}