{
    "parent": "item/generated",
    "textures": {
        "layer0": "minecraft:item/filled_map",
        "layer1": "minecraft:item/filled_map_markings"
    },
    "overrides": [
        {
            "predicate": {
                "custom_model_data": 1
            },
            "model": "custom:item/map/effect/bed"
        },
        {
            "predicate": {
                "custom_model_data": 2
            },
            "model": "custom:item/map/effect/blue_potion"
        },
        {
            "predicate": {
                "custom_model_data": 3
            },
            "model": "custom:item/map/effect/bow"
        },
        {
            "predicate": {
                "custom_model_data": 4
            },
            "model": "custom:item/map/effect/chest"
        },
        {
            "predicate": {
                "custom_model_data": 5
            },
            "model": "custom:item/map/effect/chorus_fruit"
        },
        {
            "predicate": {
                "custom_model_data": 6
            },
            "model": "custom:item/map/effect/clock"
        },
        {
            "predicate": {
                "custom_model_data": 7
            },
            "model": "custom:item/map/effect/crossbow"
        },
        {
            "predicate": {
                "custom_model_data": 8
            },
            "model": "custom:item/map/effect/emerald"
        },
        {
            "predicate": {
                "custom_model_data": 9
            },
            "model": "custom:item/map/effect/enchanted_book"
        },
        {
            "predicate": {
                "custom_model_data": 10
            },
            "model": "custom:item/map/effect/fishing_rod"
        },
        {
            "predicate": {
                "custom_model_data": 11
            },
            "model": "custom:item/map/effect/flint_and_steel"
        },
        {
            "predicate": {
                "custom_model_data": 12
            },
            "model": "custom:item/map/effect/golden_apple"
        },
        {
            "predicate": {
                "custom_model_data": 13
            },
            "model": "custom:item/map/effect/golden_axe"
        },
        {
            "predicate": {
                "custom_model_data": 14
            },
            "model": "custom:item/map/effect/iron_sword"
        },
        {
            "predicate": {
                "custom_model_data": 15
            },
            "model": "custom:item/map/effect/lava_bucket"
        },
        {
            "predicate": {
                "custom_model_data": 16
            },
            "model": "custom:item/map/effect/lead"
        },
        {
            "predicate": {
                "custom_model_data": 17
            },
            "model": "custom:item/map/effect/milk_bucket"
        },
        {
            "predicate": {
                "custom_model_data": 18
            },
            "model": "custom:item/map/effect/netherite_chestplate"
        },
        {
            "predicate": {
                "custom_model_data": 19
            },
            "model": "custom:item/map/effect/pink_potion"
        },
        {
            "predicate": {
                "custom_model_data": 20
            },
            "model": "custom:item/map/effect/pink_splash_potion"
        },
        {
            "predicate": {
                "custom_model_data": 21
            },
            "model": "custom:item/map/effect/shield"
        },
        {
            "predicate": {
                "custom_model_data": 22
            },
            "model": "custom:item/map/effect/spyglass"
        },
        {
            "predicate": {
                "custom_model_data": 23
            },
            "model": "custom:item/map/effect/tnt"
        },
        {
            "predicate": {
                "custom_model_data": 24
            },
            "model": "custom:item/map/effect/totem_of_undying"
        },
        {
            "predicate": {
                "custom_model_data": 25
            },
            "model": "custom:item/map/effect/water_bucket"
        },
        {
            "predicate": {
                "custom_model_data": 26
            },
            "model": "custom:item/map/effect/wolf"
        },
        {
            "predicate": {
                "custom_model_data": 27
            },
            "model": "custom:item/map/item/x1/cobblestone"
        },
        {
            "predicate": {
                "custom_model_data": 28
            },
            "model": "custom:item/map/item/x1/diamond_sword"
        },
        {
            "predicate": {
                "custom_model_data": 29
            },
            "model": "custom:item/map/item/x1/elytra"
        },
        {
            "predicate": {
                "custom_model_data": 30
            },
            "model": "custom:item/map/item/x1/eye_of_ender"
        },
        {
            "predicate": {
                "custom_model_data": 31
            },
            "model": "custom:item/map/item/x1/flowering_azalea_leaves"
        },
        {
            "predicate": {
                "custom_model_data": 32
            },
            "model": "custom:item/map/item/x1/grass_block"
        },
        {
            "predicate": {
                "custom_model_data": 33
            },
            "model": "custom:item/map/item/x1/oak_stairs"
        },
        {
            "predicate": {
                "custom_model_data": 34
            },
            "model": "custom:item/map/item/x1/obsidian"
        },
        {
            "predicate": {
                "custom_model_data": 35
            },
            "model": "custom:item/map/item/x1/piston"
        },
        {
            "predicate": {
                "custom_model_data": 36
            },
            "model": "custom:item/map/item/x1/redstone"
        },
        {
            "predicate": {
                "custom_model_data": 37
            },
            "model": "custom:item/map/item/x2/cobblestone"
        },
        {
            "predicate": {
                "custom_model_data": 38
            },
            "model": "custom:item/map/item/x2/diamond_sword"
        },
        {
            "predicate": {
                "custom_model_data": 39
            },
            "model": "custom:item/map/item/x2/elytra"
        },
        {
            "predicate": {
                "custom_model_data": 40
            },
            "model": "custom:item/map/item/x2/eye_of_ender"
        },
        {
            "predicate": {
                "custom_model_data": 41
            },
            "model": "custom:item/map/item/x2/flowering_azalea_leaves"
        },
        {
            "predicate": {
                "custom_model_data": 42
            },
            "model": "custom:item/map/item/x2/grass_block"
        },
        {
            "predicate": {
                "custom_model_data": 43
            },
            "model": "custom:item/map/item/x2/oak_stairs"
        },
        {
            "predicate": {
                "custom_model_data": 44
            },
            "model": "custom:item/map/item/x2/obsidian"
        },
        {
            "predicate": {
                "custom_model_data": 45
            },
            "model": "custom:item/map/item/x2/piston"
        },
        {
            "predicate": {
                "custom_model_data": 46
            },
            "model": "custom:item/map/item/x2/redstone"
        },
        {
            "predicate": {
                "custom_model_data": 47
            },
            "model": "custom:item/map/player/common/bdubs"
        },
        {
            "predicate": {
                "custom_model_data": 48
            },
            "model": "custom:item/map/player/common/cubfan"
        },
        {
            "predicate": {
                "custom_model_data": 49
            },
            "model": "custom:item/map/player/common/docm"
        },
        {
            "predicate": {
                "custom_model_data": 50
            },
            "model": "custom:item/map/player/common/etho"
        },
        {
            "predicate": {
                "custom_model_data": 51
            },
            "model": "custom:item/map/player/common/false"
        },
        {
            "predicate": {
                "custom_model_data": 52
            },
            "model": "custom:item/map/player/common/gem"
        },
        {
            "predicate": {
                "custom_model_data": 53
            },
            "model": "custom:item/map/player/common/grian"
        },
        {
            "predicate": {
                "custom_model_data": 54
            },
            "model": "custom:item/map/player/common/hypno"
        },
        {
            "predicate": {
                "custom_model_data": 55
            },
            "model": "custom:item/map/player/common/impulse"
        },
        {
            "predicate": {
                "custom_model_data": 56
            },
            "model": "custom:item/map/player/common/iskall"
        },
        {
            "predicate": {
                "custom_model_data": 57
            },
            "model": "custom:item/map/player/common/jevin"
        },
        {
            "predicate": {
                "custom_model_data": 58
            },
            "model": "custom:item/map/player/common/joehills"
        },
        {
            "predicate": {
                "custom_model_data": 59
            },
            "model": "custom:item/map/player/common/keralis"
        },
        {
            "predicate": {
                "custom_model_data": 60
            },
            "model": "custom:item/map/player/common/mumbo"
        },
        {
            "predicate": {
                "custom_model_data": 61
            },
            "model": "custom:item/map/player/common/pearl"
        },
        {
            "predicate": {
                "custom_model_data": 62
            },
            "model": "custom:item/map/player/common/rendog"
        },
        {
            "predicate": {
                "custom_model_data": 63
            },
            "model": "custom:item/map/player/common/scar"
        },
        {
            "predicate": {
                "custom_model_data": 64
            },
            "model": "custom:item/map/player/common/stress"
        },
        {
            "predicate": {
                "custom_model_data": 65
            },
            "model": "custom:item/map/player/common/tango"
        },
        {
            "predicate": {
                "custom_model_data": 66
            },
            "model": "custom:item/map/player/common/tfc"
        },
        {
            "predicate": {
                "custom_model_data": 67
            },
            "model": "custom:item/map/player/common/vintagebeef"
        },
        {
            "predicate": {
                "custom_model_data": 68
            },
            "model": "custom:item/map/player/common/welsknight"
        },
        {
            "predicate": {
                "custom_model_data": 69
            },
            "model": "custom:item/map/player/common/xbcrafted"
        },
        {
            "predicate": {
                "custom_model_data": 70
            },
            "model": "custom:item/map/player/common/xisuma"
        },
        {
            "predicate": {
                "custom_model_data": 71
            },
            "model": "custom:item/map/player/common/zedaph"
        },
        {
            "predicate": {
                "custom_model_data": 72
            },
            "model": "custom:item/map/player/common/zombiecleo"
        },
        {
            "predicate": {
                "custom_model_data": 73
            },
            "model": "custom:item/map/player/error/bdubs"
        },
        {
            "predicate": {
                "custom_model_data": 74
            },
            "model": "custom:item/map/player/error/grian"
        },
        {
            "predicate": {
                "custom_model_data": 75
            },
            "model": "custom:item/map/player/error/jevin"
        },
        {
            "predicate": {
                "custom_model_data": 76
            },
            "model": "custom:item/map/player/error/pearl"
        },
        {
            "predicate": {
                "custom_model_data": 77
            },
            "model": "custom:item/map/player/error/scar"
        },
        {
            "predicate": {
                "custom_model_data": 78
            },
            "model": "custom:item/map/player/rare/bdubs"
        },
        {
            "predicate": {
                "custom_model_data": 79
            },
            "model": "custom:item/map/player/rare/cubfan"
        },
        {
            "predicate": {
                "custom_model_data": 80
            },
            "model": "custom:item/map/player/rare/docm"
        },
        {
            "predicate": {
                "custom_model_data": 81
            },
            "model": "custom:item/map/player/rare/etho"
        },
        {
            "predicate": {
                "custom_model_data": 82
            },
            "model": "custom:item/map/player/rare/false"
        },
        {
            "predicate": {
                "custom_model_data": 83
            },
            "model": "custom:item/map/player/rare/gem"
        },
        {
            "predicate": {
                "custom_model_data": 84
            },
            "model": "custom:item/map/player/rare/grian"
        },
        {
            "predicate": {
                "custom_model_data": 85
            },
            "model": "custom:item/map/player/rare/hypno"
        },
        {
            "predicate": {
                "custom_model_data": 86
            },
            "model": "custom:item/map/player/rare/impulse"
        },
        {
            "predicate": {
                "custom_model_data": 87
            },
            "model": "custom:item/map/player/rare/iskall"
        },
        {
            "predicate": {
                "custom_model_data": 88
            },
            "model": "custom:item/map/player/rare/jevin"
        },
        {
            "predicate": {
                "custom_model_data": 89
            },
            "model": "custom:item/map/player/rare/joehills"
        },
        {
            "predicate": {
                "custom_model_data": 90
            },
            "model": "custom:item/map/player/rare/keralis"
        },
        {
            "predicate": {
                "custom_model_data": 91
            },
            "model": "custom:item/map/player/rare/mumbo"
        },
        {
            "predicate": {
                "custom_model_data": 92
            },
            "model": "custom:item/map/player/rare/pearl"
        },
        {
            "predicate": {
                "custom_model_data": 93
            },
            "model": "custom:item/map/player/rare/rendog"
        },
        {
            "predicate": {
                "custom_model_data": 94
            },
            "model": "custom:item/map/player/rare/scar"
        },
        {
            "predicate": {
                "custom_model_data": 95
            },
            "model": "custom:item/map/player/rare/stress"
        },
        {
            "predicate": {
                "custom_model_data": 96
            },
            "model": "custom:item/map/player/rare/tango"
        },
        {
            "predicate": {
                "custom_model_data": 97
            },
            "model": "custom:item/map/player/rare/tfc"
        },
        {
            "predicate": {
                "custom_model_data": 98
            },
            "model": "custom:item/map/player/rare/vintagebeef"
        },
        {
            "predicate": {
                "custom_model_data": 99
            },
            "model": "custom:item/map/player/rare/welsknight"
        },
        {
            "predicate": {
                "custom_model_data": 100
            },
            "model": "custom:item/map/player/rare/xbcrafted"
        },
        {
            "predicate": {
                "custom_model_data": 101
            },
            "model": "custom:item/map/player/rare/xisuma"
        },
        {
            "predicate": {
                "custom_model_data": 102
            },
            "model": "custom:item/map/player/rare/zedaph"
        },
        {
            "predicate": {
                "custom_model_data": 103
            },
            "model": "custom:item/map/player/rare/zombiecleo"
        },
        {
            "predicate": {
                "custom_model_data": 104
            },
            "model": "custom:item/map/player/ultra_rare/bdubs"
        },
        {
            "predicate": {
                "custom_model_data": 105
            },
            "model": "custom:item/map/player/ultra_rare/cubfan"
        },
        {
            "predicate": {
                "custom_model_data": 106
            },
            "model": "custom:item/map/player/ultra_rare/docm"
        },
        {
            "predicate": {
                "custom_model_data": 107
            },
            "model": "custom:item/map/player/ultra_rare/etho"
        },
        {
            "predicate": {
                "custom_model_data": 108
            },
            "model": "custom:item/map/player/ultra_rare/false"
        },
        {
            "predicate": {
                "custom_model_data": 109
            },
            "model": "custom:item/map/player/ultra_rare/gem"
        },
        {
            "predicate": {
                "custom_model_data": 110
            },
            "model": "custom:item/map/player/ultra_rare/grian"
        },
        {
            "predicate": {
                "custom_model_data": 111
            },
            "model": "custom:item/map/player/ultra_rare/hypno"
        },
        {
            "predicate": {
                "custom_model_data": 112
            },
            "model": "custom:item/map/player/ultra_rare/impulse"
        },
        {
            "predicate": {
                "custom_model_data": 113
            },
            "model": "custom:item/map/player/ultra_rare/iskall"
        },
        {
            "predicate": {
                "custom_model_data": 114
            },
            "model": "custom:item/map/player/ultra_rare/jevin"
        },
        {
            "predicate": {
                "custom_model_data": 115
            },
            "model": "custom:item/map/player/ultra_rare/joehills"
        },
        {
            "predicate": {
                "custom_model_data": 116
            },
            "model": "custom:item/map/player/ultra_rare/keralis"
        },
        {
            "predicate": {
                "custom_model_data": 117
            },
            "model": "custom:item/map/player/ultra_rare/mumbo"
        },
        {
            "predicate": {
                "custom_model_data": 118
            },
            "model": "custom:item/map/player/ultra_rare/pearl"
        },
        {
            "predicate": {
                "custom_model_data": 119
            },
            "model": "custom:item/map/player/ultra_rare/rendog"
        },
        {
            "predicate": {
                "custom_model_data": 120
            },
            "model": "custom:item/map/player/ultra_rare/scar"
        },
        {
            "predicate": {
                "custom_model_data": 121
            },
            "model": "custom:item/map/player/ultra_rare/stress"
        },
        {
            "predicate": {
                "custom_model_data": 122
            },
            "model": "custom:item/map/player/ultra_rare/tango"
        },
        {
            "predicate": {
                "custom_model_data": 123
            },
            "model": "custom:item/map/player/ultra_rare/tfc"
        },
        {
            "predicate": {
                "custom_model_data": 124
            },
            "model": "custom:item/map/player/ultra_rare/vintagebeef"
        },
        {
            "predicate": {
                "custom_model_data": 125
            },
            "model": "custom:item/map/player/ultra_rare/welsknight"
        },
        {
            "predicate": {
                "custom_model_data": 126
            },
            "model": "custom:item/map/player/ultra_rare/xbcrafted"
        },
        {
            "predicate": {
                "custom_model_data": 127
            },
            "model": "custom:item/map/player/ultra_rare/xisuma"
        },
        {
            "predicate": {
                "custom_model_data": 128
            },
            "model": "custom:item/map/player/ultra_rare/zedaph"
        },
        {
            "predicate": {
                "custom_model_data": 129
            },
            "model": "custom:item/map/player/ultra_rare/zombiecleo"
        },
        {
            "predicate": {
                "custom_model_data": 130
            },
            "model": "custom:item/map/effect/composter"
        },
        {
            "predicate": {
                "custom_model_data": 131
            },
            "model": "custom:item/map/effect/diamond_chestplate"
        },
        {
            "predicate": {
                "custom_model_data": 132
            },
            "model": "custom:item/map/effect/diamond_sword"
        },
        {
            "predicate": {
                "custom_model_data": 133
            },
            "model": "custom:item/map/effect/gold_chestplate"
        },
        {
            "predicate": {
                "custom_model_data": 134
            },
            "model": "custom:item/map/effect/green_splash_potion"
        },
        {
            "predicate": {
                "custom_model_data": 135
            },
            "model": "custom:item/map/effect/iron_chestplate"
        },
        {
            "predicate": {
                "custom_model_data": 136
            },
            "model": "custom:item/map/effect/netherite_sword"
        },
        {
            "predicate": {
                "custom_model_data": 137
            },
            "model": "custom:item/map/effect/tgc_card"
        },
		{
            "predicate": {
                "custom_model_data": 138
            },
            "model": "custom:item/map/new_2/anvil"
        },
		{
            "predicate": {
                "custom_model_data": 139
            },
            "model": "custom:item/map/new_2/armor_stand"
        },
		{
            "predicate": {
                "custom_model_data": 140
            },
            "model": "custom:item/map/new_2/splash_slowness"
        },
		{
            "predicate": {
                "custom_model_data": 141
            },
            "model": "custom:item/map/new_2/splash_weakness"
        },
		{
            "predicate": {
                "custom_model_data": 142
            },
            "model": "custom:item/map/new_2/string"
        },
		{
            "predicate": {
                "custom_model_data": 143
            },
            "model": "custom:item/map/new_2/trident"
        },
		{
            "predicate": {
                "custom_model_data": 144
            },
            "model": "custom:item/map/new_2/turtle_shell"
        },
		{
            "predicate": {
                "custom_model_data": 145
            },
            "model": "custom:item/map/health_cards/health_10"
        },
        {
            "predicate": {
                "custom_model_data": 146
            },
            "model": "custom:item/map/health_cards/health_100"
        },
        {
            "predicate": {
                "custom_model_data": 147
            },
            "model": "custom:item/map/health_cards/health_110"
        },
        {
            "predicate": {
                "custom_model_data": 148
            },
            "model": "custom:item/map/health_cards/health_120"
        },
        {
            "predicate": {
                "custom_model_data": 149
            },
            "model": "custom:item/map/health_cards/health_130"
        },
        {
            "predicate": {
                "custom_model_data": 150
            },
            "model": "custom:item/map/health_cards/health_140"
        },
        {
            "predicate": {
                "custom_model_data": 151
            },
            "model": "custom:item/map/health_cards/health_150"
        },
        {
            "predicate": {
                "custom_model_data": 152
            },
            "model": "custom:item/map/health_cards/health_160"
        },
        {
            "predicate": {
                "custom_model_data": 153
            },
            "model": "custom:item/map/health_cards/health_170"
        },
        {
            "predicate": {
                "custom_model_data": 154
            },
            "model": "custom:item/map/health_cards/health_180"
        },
        {
            "predicate": {
                "custom_model_data": 155
            },
            "model": "custom:item/map/health_cards/health_190"
        },
        {
            "predicate": {
                "custom_model_data": 156
            },
            "model": "custom:item/map/health_cards/health_20"
        },
        {
            "predicate": {
                "custom_model_data": 157
            },
            "model": "custom:item/map/health_cards/health_200"
        },
        {
            "predicate": {
                "custom_model_data": 158
            },
            "model": "custom:item/map/health_cards/health_210"
        },
        {
            "predicate": {
                "custom_model_data": 159
            },
            "model": "custom:item/map/health_cards/health_220"
        },
        {
            "predicate": {
                "custom_model_data": 160
            },
            "model": "custom:item/map/health_cards/health_230"
        },
        {
            "predicate": {
                "custom_model_data": 161
            },
            "model": "custom:item/map/health_cards/health_240"
        },
        {
            "predicate": {
                "custom_model_data": 162
            },
            "model": "custom:item/map/health_cards/health_250"
        },
        {
            "predicate": {
                "custom_model_data": 163
            },
            "model": "custom:item/map/health_cards/health_260"
        },
        {
            "predicate": {
                "custom_model_data": 164
            },
            "model": "custom:item/map/health_cards/health_270"
        },
        {
            "predicate": {
                "custom_model_data": 165
            },
            "model": "custom:item/map/health_cards/health_280"
        },
        {
            "predicate": {
                "custom_model_data": 166
            },
            "model": "custom:item/map/health_cards/health_290"
        },
        {
            "predicate": {
                "custom_model_data": 167
            },
            "model": "custom:item/map/health_cards/health_30"
        },
        {
            "predicate": {
                "custom_model_data": 168
            },
            "model": "custom:item/map/health_cards/health_300"
        },
        {
            "predicate": {
                "custom_model_data": 169
            },
            "model": "custom:item/map/health_cards/health_40"
        },
        {
            "predicate": {
                "custom_model_data": 170
            },
            "model": "custom:item/map/health_cards/health_50"
        },
        {
            "predicate": {
                "custom_model_data": 171
            },
            "model": "custom:item/map/health_cards/health_60"
        },
        {
            "predicate": {
                "custom_model_data": 172
            },
            "model": "custom:item/map/health_cards/health_70"
        },
        {
            "predicate": {
                "custom_model_data": 173
            },
            "model": "custom:item/map/health_cards/health_80"
        },
        {
            "predicate": {
                "custom_model_data": 174
            },
            "model": "custom:item/map/health_cards/health_90"
        },
        {
            "predicate": {
                "custom_model_data": 175
            },
            "model": "custom:item/map/alter_ego_hermit_cards/beetlejhost"
        },
        {
            "predicate": {
                "custom_model_data": 176
            },
            "model": "custom:item/map/alter_ego_hermit_cards/convex_cub"
        },
        {
            "predicate": {
                "custom_model_data": 177
            },
            "model": "custom:item/map/alter_ego_hermit_cards/evil_jevin"
        },
        {
            "predicate": {
                "custom_model_data": 178
            },
            "model": "custom:item/map/alter_ego_hermit_cards/evil_x"
        },
        {
            "predicate": {
                "custom_model_data": 179
            },
            "model": "custom:item/map/alter_ego_hermit_cards/helsknight"
        },
        {
            "predicate": {
                "custom_model_data": 180
            },
            "model": "custom:item/map/alter_ego_hermit_cards/hotguy"
        },
        {
            "predicate": {
                "custom_model_data": 181
            },
            "model": "custom:item/map/alter_ego_hermit_cards/human_cleo"
        },
        {
            "predicate": {
                "custom_model_data": 182
            },
            "model": "custom:item/map/alter_ego_hermit_cards/potato_mumbo"
        },
        {
            "predicate": {
                "custom_model_data": 183
            },
            "model": "custom:item/map/alter_ego_hermit_cards/poultry_man"
        },
        {
            "predicate": {
                "custom_model_data": 184
            },
            "model": "custom:item/map/alter_ego_hermit_cards/renbob"
        },
        {
            "predicate": {
                "custom_model_data": 185
            },
            "model": "custom:item/map/effects_new/bad_omen"
        },
        {
            "predicate": {
                "custom_model_data": 186
            },
            "model": "custom:item/map/effects_new/chainmail_chestplate"
        },
        {
            "predicate": {
                "custom_model_data": 187
            },
            "model": "custom:item/map/effects_new/command_block"
        },
        {
            "predicate": {
                "custom_model_data": 188
            },
            "model": "custom:item/map/effects_new/ender_pearl"
        },
        {
            "predicate": {
                "custom_model_data": 189
            },
            "model": "custom:item/map/effects_new/fire_charge"
        },
        {
            "predicate": {
                "custom_model_data": 190
            },
            "model": "custom:item/map/effects_new/ladder"
        },
        {
            "predicate": {
                "custom_model_data": 191
            },
            "model": "custom:item/map/effects_new/lightning_rod"
        },
        {
            "predicate": {
                "custom_model_data": 192
            },
            "model": "custom:item/map/effects_new/piston"
        },
        {
            "predicate": {
                "custom_model_data": 193
            },
            "model": "custom:item/map/effects_new/target_block"
        },
        {
            "predicate": {
                "custom_model_data": 194
            },
            "model": "custom:item/map/missing_cards/egg"
        },
        {
            "predicate": {
                "custom_model_data": 195
            },
            "model": "custom:item/map/missing_cards/goatfather"
        },
        {
            "predicate": {
                "custom_model_data": 196
            },
            "model": "custom:item/map/missing_cards/llamadad"
        },
        {
            "predicate": {
                "custom_model_data": 197
            },
            "model": "custom:item/map/new_3/5am_pearl"
        },
        {
            "predicate": {
                "custom_model_data": 198
            },
            "model": "custom:item/map/new_3/boomerdubs"
        },
        {
            "predicate": {
                "custom_model_data": 199
            },
            "model": "custom:item/map/new_3/dwarf_impulse"
        },
        {
            "predicate": {
                "custom_model_data": 200
            },
            "model": "custom:item/map/new_3/etho_shade_e"
        },
        {
            "predicate": {
                "custom_model_data": 201
            },
            "model": "custom:item/map/new_3/false_grand_architect"
        },
        {
            "predicate": {
                "custom_model_data": 202
            },
            "model": "custom:item/map/new_3/frenchralis"
        },
        {
            "predicate": {
                "custom_model_data": 203
            },
            "model": "custom:item/map/new_3/horse_hypno"
        },
        {
            "predicate": {
                "custom_model_data": 204
            },
            "model": "custom:item/map/new_3/iskallman"
        },
        {
            "predicate": {
                "custom_model_data": 205
            },
            "model": "custom:item/map/new_3/original_xb"
        },
        {
            "predicate": {
                "custom_model_data": 206
            },
            "model": "custom:item/map/new_3/overseer_tfc"
        },
        {
            "predicate": {
                "custom_model_data": 207
            },
            "model": "custom:item/map/new_3/princess_gem"
        },
        {
            "predicate": {
                "custom_model_data": 208
            },
            "model": "custom:item/map/new_3/steampunk_tango"
        },
        {
            "predicate": {
                "custom_model_data": 209
            },
            "model": "custom:item/map/new_3/worm_man_zedaph"
        },
        {
            "predicate": {
                "custom_model_data": 210
            },
            "model": "custom:item/map/new_3/spooky_stress"
        }
    ]
}