{
	"credit": "Made with Blockbench",
	"texture_size": [32, 32],
	"textures": {
		"0": "block/custom/HatNPermit",
		"particle": "block/custom/HatNPermit"
	},
	"elements": [
		{
			"from": [4, 5, 9.9],
			"to": [7, 8, 11.9],
			"rotation": {"angle": 0, "axis": "x", "origin": [5.5, 6.5, 10.5]},
			"faces": {
				"north": {"uv": [1, 8.5, 2.5, 10], "texture": "#0"},
				"east": {"uv": [0, 8.5, 1, 10], "texture": "#0"},
				"south": {"uv": [3.5, 8.5, 5, 10], "texture": "#0"},
				"west": {"uv": [2.5, 8.5, 3.5, 10], "texture": "#0"},
				"up": {"uv": [2.5, 8.5, 1, 7.5], "texture": "#0"},
				"down": {"uv": [4, 7.5, 2.5, 8.5], "texture": "#0"}
			}
		},
		{
			"from": [8, 12, 10.9],
			"to": [12, 13, 11.9],
			"rotation": {"angle": 0, "axis": "x", "origin": [5.5, 6.5, 10.5]},
			"faces": {
				"north": {"uv": [5.5, 9, 7.5, 9.5], "texture": "#0"},
				"east": {"uv": [5, 9, 5.5, 9.5], "texture": "#0"},
				"south": {"uv": [8, 9, 10, 9.5], "texture": "#0"},
				"west": {"uv": [7.5, 9, 8, 9.5], "texture": "#0"},
				"up": {"uv": [7.5, 9, 5.5, 8.5], "texture": "#0"},
				"down": {"uv": [9.5, 8.5, 7.5, 9], "texture": "#0"}
			}
		},
		{
			"from": [7, 10, 10.9],
			"to": [12, 11, 11.9],
			"rotation": {"angle": 0, "axis": "x", "origin": [5.5, 6.5, 10.5]},
			"faces": {
				"north": {"uv": [4.5, 8, 7, 8.5], "texture": "#0"},
				"east": {"uv": [4, 8, 4.5, 8.5], "texture": "#0"},
				"south": {"uv": [7.5, 8, 10, 8.5], "texture": "#0"},
				"west": {"uv": [7, 8, 7.5, 8.5], "texture": "#0"},
				"up": {"uv": [7, 8, 4.5, 7.5], "texture": "#0"},
				"down": {"uv": [9.5, 7.5, 7, 8], "texture": "#0"}
			}
		},
		{
			"from": [4, 12, 10.9],
			"to": [7, 13, 11.9],
			"rotation": {"angle": 0, "axis": "x", "origin": [5.5, 6.5, 10.5]},
			"faces": {
				"north": {"uv": [11.5, 0.5, 12.5, 1], "texture": "#0"},
				"east": {"uv": [11, 0.5, 11.5, 1], "texture": "#0"},
				"south": {"uv": [13, 0.5, 14, 1], "texture": "#0"},
				"west": {"uv": [12.5, 0.5, 13, 1], "texture": "#0"},
				"up": {"uv": [12.5, 0.5, 11.5, 0], "texture": "#0"},
				"down": {"uv": [13.5, 0, 12.5, 0.5], "texture": "#0"}
			}
		},
		{
			"from": [4, 10, 10.9],
			"to": [6, 11, 11.9],
			"rotation": {"angle": 0, "axis": "x", "origin": [5.5, 6.5, 10.5]},
			"faces": {
				"north": {"uv": [11, 10.5, 12, 11], "texture": "#0"},
				"east": {"uv": [10.5, 10.5, 11, 11], "texture": "#0"},
				"south": {"uv": [12.5, 10.5, 13.5, 11], "texture": "#0"},
				"west": {"uv": [12, 10.5, 12.5, 11], "texture": "#0"},
				"up": {"uv": [12, 10.5, 11, 10], "texture": "#0"},
				"down": {"uv": [13, 10, 12, 10.5], "texture": "#0"}
			}
		},
		{
			"from": [10, 5, 10.9],
			"to": [12, 6, 11.9],
			"rotation": {"angle": 0, "axis": "x", "origin": [11.5, 1.5, 10.5]},
			"faces": {
				"north": {"uv": [11, 10.5, 12, 11], "texture": "#0"},
				"east": {"uv": [10.5, 10.5, 11, 11], "texture": "#0"},
				"south": {"uv": [12.5, 10.5, 13.5, 11], "texture": "#0"},
				"west": {"uv": [12, 10.5, 12.5, 11], "texture": "#0"},
				"up": {"uv": [12, 10.5, 11, 10], "texture": "#0"},
				"down": {"uv": [13, 10, 12, 10.5], "texture": "#0"}
			}
		},
		{
			"from": [9, 8, 10.9],
			"to": [12, 9, 11.9],
			"rotation": {"angle": 0, "axis": "x", "origin": [5.5, 6.5, 10.5]},
			"faces": {
				"north": {"uv": [5, 10, 6.5, 10.5], "texture": "#0"},
				"east": {"uv": [4.5, 10, 5, 10.5], "texture": "#0"},
				"south": {"uv": [7, 10, 8.5, 10.5], "texture": "#0"},
				"west": {"uv": [6.5, 10, 7, 10.5], "texture": "#0"},
				"up": {"uv": [6.5, 10, 5, 9.5], "texture": "#0"},
				"down": {"uv": [8, 9.5, 6.5, 10], "texture": "#0"}
			}
		},
		{
			"from": [9, 3, 10.9],
			"to": [12, 4, 11.9],
			"rotation": {"angle": 0, "axis": "x", "origin": [5.5, 1.5, 10.5]},
			"faces": {
				"north": {"uv": [5, 10, 6.5, 10.5], "texture": "#0"},
				"east": {"uv": [4.5, 10, 5, 10.5], "texture": "#0"},
				"south": {"uv": [7, 10, 8.5, 10.5], "texture": "#0"},
				"west": {"uv": [6.5, 10, 7, 10.5], "texture": "#0"},
				"up": {"uv": [6.5, 10, 5, 9.5], "texture": "#0"},
				"down": {"uv": [8, 9.5, 6.5, 10], "texture": "#0"}
			}
		},
		{
			"from": [3, 0, 11],
			"to": [13, 14, 12],
			"faces": {
				"north": {"uv": [0.5, 0.5, 5.5, 7.5], "texture": "#0"},
				"east": {"uv": [0, 0.5, 0.5, 7.5], "texture": "#0"},
				"south": {"uv": [6, 0.5, 11, 7.5], "texture": "#0"},
				"west": {"uv": [5.5, 0.5, 6, 7.5], "texture": "#0"},
				"up": {"uv": [5.5, 0.5, 0.5, 0], "texture": "#0"},
				"down": {"uv": [10.5, 0, 5.5, 0.5], "texture": "#0"}
			}
		},
		{
			"from": [5, 1, 10],
			"to": [6, 5, 11],
			"faces": {
				"north": {"uv": [9, 10, 9.5, 12], "texture": "#0"},
				"east": {"uv": [8.5, 10, 9, 12], "texture": "#0"},
				"south": {"uv": [10, 10, 10.5, 12], "texture": "#0"},
				"west": {"uv": [9.5, 10, 10, 12], "texture": "#0"},
				"up": {"uv": [9.5, 10, 9, 9.5], "texture": "#0"},
				"down": {"uv": [10, 9.5, 9.5, 10], "texture": "#0"}
			}
		},
		{
			"from": [5, 8, 10],
			"to": [6, 9, 11],
			"faces": {
				"north": {"uv": [11.5, 4.5, 12, 5], "texture": "#0"},
				"east": {"uv": [11, 4.5, 11.5, 5], "texture": "#0"},
				"south": {"uv": [12.5, 4.5, 13, 5], "texture": "#0"},
				"west": {"uv": [12, 4.5, 12.5, 5], "texture": "#0"},
				"up": {"uv": [12, 4.5, 11.5, 4], "texture": "#0"},
				"down": {"uv": [12.5, 4, 12, 4.5], "texture": "#0"}
			}
		},
		{
			"from": [7, 6, 10],
			"to": [8, 7, 11],
			"faces": {
				"north": {"uv": [11.5, 3.5, 12, 4], "texture": "#0"},
				"east": {"uv": [11, 3.5, 11.5, 4], "texture": "#0"},
				"south": {"uv": [12.5, 3.5, 13, 4], "texture": "#0"},
				"west": {"uv": [12, 3.5, 12.5, 4], "texture": "#0"},
				"up": {"uv": [12, 3.5, 11.5, 3], "texture": "#0"},
				"down": {"uv": [12.5, 3, 12, 3.5], "texture": "#0"}
			}
		},
		{
			"from": [3, 6, 10],
			"to": [4, 7, 11],
			"faces": {
				"north": {"uv": [11.5, 2.5, 12, 3], "texture": "#0"},
				"east": {"uv": [11, 2.5, 11.5, 3], "texture": "#0"},
				"south": {"uv": [12.5, 2.5, 13, 3], "texture": "#0"},
				"west": {"uv": [12, 2.5, 12.5, 3], "texture": "#0"},
				"up": {"uv": [12, 2.5, 11.5, 2], "texture": "#0"},
				"down": {"uv": [12.5, 2, 12, 2.5], "texture": "#0"}
			}
		},
		{
			"from": [1, 7, 10],
			"to": [2.7, 8, 11],
			"rotation": {"angle": -45, "axis": "z", "origin": [3.5, 4.5, 10.5]},
			"faces": {
				"north": {"uv": [11.5, 1.5, 12, 2], "texture": "#0"},
				"east": {"uv": [11, 1.5, 11.5, 2], "texture": "#0"},
				"south": {"uv": [12.5, 1.5, 13, 2], "texture": "#0"},
				"west": {"uv": [12, 1.5, 12.5, 2], "texture": "#0"},
				"up": {"uv": [12, 1.5, 11.5, 1], "texture": "#0"},
				"down": {"uv": [12.5, 1, 12, 1.5], "texture": "#0"}
			}
		},
		{
			"from": [4, 7, 10],
			"to": [6.3, 8, 11],
			"rotation": {"angle": -45, "axis": "z", "origin": [3.5, 4.5, 10.5]},
			"faces": {
				"north": {"uv": [11, 7.5, 12, 8], "texture": "#0"},
				"east": {"uv": [10.5, 7.5, 11, 8], "texture": "#0"},
				"south": {"uv": [12.5, 7.5, 13.5, 8], "texture": "#0"},
				"west": {"uv": [12, 7.5, 12.5, 8], "texture": "#0"},
				"up": {"uv": [12, 7.5, 11, 7], "texture": "#0"},
				"down": {"uv": [13, 7, 12, 7.5], "texture": "#0"}
			}
		},
		{
			"from": [7, 4, 10],
			"to": [9, 5, 11],
			"rotation": {"angle": 45, "axis": "z", "origin": [3.5, 4.5, 10.5]},
			"faces": {
				"north": {"uv": [4.5, 11, 5.5, 11.5], "texture": "#0"},
				"east": {"uv": [4, 11, 4.5, 11.5], "texture": "#0"},
				"south": {"uv": [6, 11, 7, 11.5], "texture": "#0"},
				"west": {"uv": [5.5, 11, 6, 11.5], "texture": "#0"},
				"up": {"uv": [5.5, 11, 4.5, 10.5], "texture": "#0"},
				"down": {"uv": [6.5, 10.5, 5.5, 11], "texture": "#0"}
			}
		},
		{
			"from": [4, 4, 10],
			"to": [6, 5, 11],
			"rotation": {"angle": 45, "axis": "z", "origin": [3.5, 4.5, 10.5]},
			"faces": {
				"north": {"uv": [10.5, 9.5, 11.5, 10], "texture": "#0"},
				"east": {"uv": [10, 9.5, 10.5, 10], "texture": "#0"},
				"south": {"uv": [12, 9.5, 13, 10], "texture": "#0"},
				"west": {"uv": [11.5, 9.5, 12, 10], "texture": "#0"},
				"up": {"uv": [11.5, 9.5, 10.5, 9], "texture": "#0"},
				"down": {"uv": [12.5, 9, 11.5, 9.5], "texture": "#0"}
			}
		},
		{
			"from": [6, 2, 10],
			"to": [7, 5, 11],
			"rotation": {"angle": 22.5, "axis": "z", "origin": [6.5, 3.5, 10.5]},
			"faces": {
				"north": {"uv": [2.5, 10.5, 3, 12], "texture": "#0"},
				"east": {"uv": [2, 10.5, 2.5, 12], "texture": "#0"},
				"south": {"uv": [3.5, 10.5, 4, 12], "texture": "#0"},
				"west": {"uv": [3, 10.5, 3.5, 12], "texture": "#0"},
				"up": {"uv": [3, 10.5, 2.5, 10], "texture": "#0"},
				"down": {"uv": [3.5, 10, 3, 10.5], "texture": "#0"}
			}
		},
		{
			"from": [4, 2, 10],
			"to": [5, 5, 11],
			"rotation": {"angle": -22.5, "axis": "z", "origin": [4.5, 3.5, 10.5]},
			"faces": {
				"north": {"uv": [0.5, 10.5, 1, 12], "texture": "#0"},
				"east": {"uv": [0, 10.5, 0.5, 12], "texture": "#0"},
				"south": {"uv": [1.5, 10.5, 2, 12], "texture": "#0"},
				"west": {"uv": [1, 10.5, 1.5, 12], "texture": "#0"},
				"up": {"uv": [1, 10.5, 0.5, 10], "texture": "#0"},
				"down": {"uv": [1.5, 10, 1, 10.5], "texture": "#0"}
			}
		}
	],
	"display": {
		"thirdperson_righthand": {
			"rotation": [0, 180, 0],
			"translation": [0, 4.5, 3.25],
			"scale": [0.58, 0.58, 0.58]
		},
		"thirdperson_lefthand": {
			"rotation": [67, 0, 0],
			"translation": [0, 1.25, -2.25],
			"scale": [0.7, 0.7, 0.7]
		},
		"firstperson_righthand": {
			"rotation": [-2, 165, 3],
			"translation": [-0.5, 2, 4],
			"scale": [0.94, 0.94, 0.94]
		},
		"firstperson_lefthand": {
			"translation": [-0.5, -0.75, 0]
		},
		"ground": {
			"translation": [0, 5, 0]
		},
		"gui": {
			"rotation": [1, 173, 11],
			"translation": [-0.25, 0.75, 0],
			"scale": [0.95, 0.95, 0.95]
		},
		"head": {
			"translation": [0, 10, -10.25]
		},
		"fixed": {
			"translation": [0, 2.5, -10],
			"scale": [2.72, 2.72, 2.72]
		}
	}
}