{
	"credit": "Made with Blockbench",
	"texture_size": [64, 64],
	"textures": {
		"1": "custom:item/recording",
		"particle": "custom:item/recording"
	},
	"elements": [
		{
			"from": [13, 6, 6],
			"to": [16, 9, 7],
			"faces": {
				"north": {"uv": [4.5, 0.25, 5.25, 1], "texture": "#1"},
				"east": {"uv": [5.25, 4, 5.5, 4.75], "texture": "#1"},
				"south": {"uv": [4.5, 1, 5.25, 1.75], "texture": "#1"},
				"west": {"uv": [5.25, 4.75, 5.5, 5.5], "texture": "#1"},
				"up": {"uv": [6.25, 0.5, 5.5, 0.25], "texture": "#1"},
				"down": {"uv": [6.25, 0.5, 5.5, 0.75], "texture": "#1"}
			}
		},
		{
			"from": [10, 5, 6],
			"to": [11, 10, 7],
			"faces": {
				"north": {"uv": [0.25, 4.75, 0.5, 6], "texture": "#1"},
				"east": {"uv": [0.5, 4.75, 0.75, 6], "texture": "#1"},
				"south": {"uv": [0.75, 4.75, 1, 6], "texture": "#1"},
				"west": {"uv": [1, 4.75, 1.25, 6], "texture": "#1"},
				"up": {"uv": [4.75, 5.75, 4.5, 5.5], "texture": "#1"},
				"down": {"uv": [5.75, 6.25, 5.5, 6.5], "texture": "#1"}
			}
		},
		{
			"from": [6, 5, 6],
			"to": [7, 10, 7],
			"faces": {
				"north": {"uv": [1.25, 4.75, 1.5, 6], "texture": "#1"},
				"east": {"uv": [1.5, 4.75, 1.75, 6], "texture": "#1"},
				"south": {"uv": [1.75, 4.75, 2, 6], "texture": "#1"},
				"west": {"uv": [2, 4.75, 2.25, 6], "texture": "#1"},
				"up": {"uv": [3, 6.75, 2.75, 6.5], "texture": "#1"},
				"down": {"uv": [3.25, 6.5, 3, 6.75], "texture": "#1"}
			}
		},
		{
			"from": [4, 9, 6],
			"to": [7, 10, 7],
			"faces": {
				"north": {"uv": [5.5, 0.75, 6.25, 1], "texture": "#1"},
				"east": {"uv": [3.25, 6.5, 3.5, 6.75], "texture": "#1"},
				"south": {"uv": [5.5, 1, 6.25, 1.25], "texture": "#1"},
				"west": {"uv": [6.5, 3.25, 6.75, 3.5], "texture": "#1"},
				"up": {"uv": [6.25, 1.5, 5.5, 1.25], "texture": "#1"},
				"down": {"uv": [6.25, 1.5, 5.5, 1.75], "texture": "#1"}
			}
		},
		{
			"from": [4, 7, 6],
			"to": [7, 8, 7],
			"faces": {
				"north": {"uv": [5.5, 1.75, 6.25, 2], "texture": "#1"},
				"east": {"uv": [3.5, 6.5, 3.75, 6.75], "texture": "#1"},
				"south": {"uv": [5.5, 2, 6.25, 2.25], "texture": "#1"},
				"west": {"uv": [6.5, 3.5, 6.75, 3.75], "texture": "#1"},
				"up": {"uv": [6.25, 2.5, 5.5, 2.25], "texture": "#1"},
				"down": {"uv": [6.25, 2.5, 5.5, 2.75], "texture": "#1"}
			}
		},
		{
			"from": [4, 5, 6],
			"to": [7, 6, 7],
			"faces": {
				"north": {"uv": [5.5, 2.75, 6.25, 3], "texture": "#1"},
				"east": {"uv": [6.5, 3.75, 6.75, 4], "texture": "#1"},
				"south": {"uv": [5.5, 3, 6.25, 3.25], "texture": "#1"},
				"west": {"uv": [6.5, 4, 6.75, 4.25], "texture": "#1"},
				"up": {"uv": [6.25, 3.5, 5.5, 3.25], "texture": "#1"},
				"down": {"uv": [6.25, 3.5, 5.5, 3.75], "texture": "#1"}
			}
		},
		{
			"from": [0, 5, 6],
			"to": [3, 6, 7],
			"faces": {
				"north": {"uv": [5.5, 3.75, 6.25, 4], "texture": "#1"},
				"east": {"uv": [6.5, 4.25, 6.75, 4.5], "texture": "#1"},
				"south": {"uv": [5.5, 4, 6.25, 4.25], "texture": "#1"},
				"west": {"uv": [6.5, 4.5, 6.75, 4.75], "texture": "#1"},
				"up": {"uv": [6.25, 4.5, 5.5, 4.25], "texture": "#1"},
				"down": {"uv": [6.25, 4.5, 5.5, 4.75], "texture": "#1"}
			}
		},
		{
			"from": [0, 9, 6],
			"to": [3, 10, 7],
			"faces": {
				"north": {"uv": [5.5, 4.75, 6.25, 5], "texture": "#1"},
				"east": {"uv": [5.5, 6.5, 5.75, 6.75], "texture": "#1"},
				"south": {"uv": [5.5, 5, 6.25, 5.25], "texture": "#1"},
				"west": {"uv": [5.75, 6.5, 6, 6.75], "texture": "#1"},
				"up": {"uv": [6, 5.75, 5.25, 5.5], "texture": "#1"},
				"down": {"uv": [6.25, 5.25, 5.5, 5.5], "texture": "#1"}
			}
		},
		{
			"from": [2, 5, 6],
			"to": [3, 10, 7],
			"faces": {
				"north": {"uv": [2.25, 4.75, 2.5, 6], "texture": "#1"},
				"east": {"uv": [2.5, 4.75, 2.75, 6], "texture": "#1"},
				"south": {"uv": [2.75, 4.75, 3, 6], "texture": "#1"},
				"west": {"uv": [3, 4.75, 3.25, 6], "texture": "#1"},
				"up": {"uv": [5.25, 6.75, 5, 6.5], "texture": "#1"},
				"down": {"uv": [5.5, 6.5, 5.25, 6.75], "texture": "#1"}
			}
		},
		{
			"from": [9, 9, 6],
			"to": [11, 10, 7],
			"faces": {
				"north": {"uv": [2.75, 6.25, 3.25, 6.5], "texture": "#1"},
				"east": {"uv": [5.75, 6.25, 6, 6.5], "texture": "#1"},
				"south": {"uv": [6.25, 2.75, 6.75, 3], "texture": "#1"},
				"west": {"uv": [6, 6.25, 6.25, 6.5], "texture": "#1"},
				"up": {"uv": [6.75, 3.25, 6.25, 3], "texture": "#1"},
				"down": {"uv": [3.75, 6.25, 3.25, 6.5], "texture": "#1"}
			}
		},
		{
			"from": [8, 8, 6],
			"to": [9, 9, 7],
			"faces": {
				"north": {"uv": [6.25, 6, 6.5, 6.25], "texture": "#1"},
				"east": {"uv": [6.25, 6.25, 6.5, 6.5], "texture": "#1"},
				"south": {"uv": [0.25, 6.5, 0.5, 6.75], "texture": "#1"},
				"west": {"uv": [0.5, 6.5, 0.75, 6.75], "texture": "#1"},
				"up": {"uv": [1, 6.75, 0.75, 6.5], "texture": "#1"},
				"down": {"uv": [1.25, 6.5, 1, 6.75], "texture": "#1"}
			}
		},
		{
			"from": [9, 7, 6],
			"to": [10, 8, 7],
			"faces": {
				"north": {"uv": [1.25, 6.5, 1.5, 6.75], "texture": "#1"},
				"east": {"uv": [1.5, 6.5, 1.75, 6.75], "texture": "#1"},
				"south": {"uv": [6.5, 1.75, 6.75, 2], "texture": "#1"},
				"west": {"uv": [2, 6.5, 2.25, 6.75], "texture": "#1"},
				"up": {"uv": [6.75, 2.25, 6.5, 2], "texture": "#1"},
				"down": {"uv": [2.5, 6.5, 2.25, 6.75], "texture": "#1"}
			}
		},
		{
			"from": [8, 5, 6],
			"to": [9, 7, 7],
			"faces": {
				"north": {"uv": [6.25, 3.25, 6.5, 3.75], "texture": "#1"},
				"east": {"uv": [3.75, 6.25, 4, 6.75], "texture": "#1"},
				"south": {"uv": [6.25, 3.75, 6.5, 4.25], "texture": "#1"},
				"west": {"uv": [4, 6.25, 4.25, 6.75], "texture": "#1"},
				"up": {"uv": [6.75, 2.5, 6.5, 2.25], "texture": "#1"},
				"down": {"uv": [2.75, 6.5, 2.5, 6.75], "texture": "#1"}
			}
		},
		{
			"from": [0, 6, 8],
			"to": [3, 9, 9],
			"faces": {
				"north": {"uv": [4.5, 1.75, 5.25, 2.5], "texture": "#1"},
				"east": {"uv": [1.75, 6.25, 2, 7], "texture": "#1"},
				"south": {"uv": [4.5, 2.5, 5.25, 3.25], "texture": "#1"},
				"west": {"uv": [6.25, 1.75, 6.5, 2.5], "texture": "#1"},
				"up": {"uv": [2.75, 6.5, 2, 6.25], "texture": "#1"},
				"down": {"uv": [7, 2.5, 6.25, 2.75], "texture": "#1"}
			}
		},
		{
			"from": [5, 5, 8],
			"to": [6, 10, 9],
			"faces": {
				"north": {"uv": [5, 4.5, 5.25, 5.75], "texture": "#1"},
				"east": {"uv": [5.25, 0.25, 5.5, 1.5], "texture": "#1"},
				"south": {"uv": [5.25, 1.5, 5.5, 2.75], "texture": "#1"},
				"west": {"uv": [5.25, 2.75, 5.5, 4], "texture": "#1"},
				"up": {"uv": [7, 4.5, 6.75, 4.25], "texture": "#1"},
				"down": {"uv": [4.75, 6.75, 4.5, 7], "texture": "#1"}
			}
		},
		{
			"from": [5, 9, 8],
			"to": [7, 10, 9],
			"faces": {
				"north": {"uv": [6.25, 4.75, 6.75, 5], "texture": "#1"},
				"east": {"uv": [6.75, 4, 7, 4.25], "texture": "#1"},
				"south": {"uv": [5, 6.25, 5.5, 6.5], "texture": "#1"},
				"west": {"uv": [4.25, 6.75, 4.5, 7], "texture": "#1"},
				"up": {"uv": [6.75, 5.25, 6.25, 5], "texture": "#1"},
				"down": {"uv": [6.75, 5.25, 6.25, 5.5], "texture": "#1"}
			}
		},
		{
			"from": [7, 8, 8],
			"to": [8, 9, 9],
			"faces": {
				"north": {"uv": [6.75, 3.25, 7, 3.5], "texture": "#1"},
				"east": {"uv": [3.5, 6.75, 3.75, 7], "texture": "#1"},
				"south": {"uv": [6.75, 3.5, 7, 3.75], "texture": "#1"},
				"west": {"uv": [3.75, 6.75, 4, 7], "texture": "#1"},
				"up": {"uv": [7, 4, 6.75, 3.75], "texture": "#1"},
				"down": {"uv": [4.25, 6.75, 4, 7], "texture": "#1"}
			}
		},
		{
			"from": [6, 7, 8],
			"to": [7, 8, 9],
			"faces": {
				"north": {"uv": [2.5, 6.75, 2.75, 7], "texture": "#1"},
				"east": {"uv": [2.75, 6.75, 3, 7], "texture": "#1"},
				"south": {"uv": [6.75, 2.75, 7, 3], "texture": "#1"},
				"west": {"uv": [3, 6.75, 3.25, 7], "texture": "#1"},
				"up": {"uv": [7, 3.25, 6.75, 3], "texture": "#1"},
				"down": {"uv": [3.5, 6.75, 3.25, 7], "texture": "#1"}
			}
		},
		{
			"from": [7, 5, 8],
			"to": [8, 7, 9],
			"faces": {
				"north": {"uv": [4.25, 6.25, 4.5, 6.75], "texture": "#1"},
				"east": {"uv": [6.25, 4.25, 6.5, 4.75], "texture": "#1"},
				"south": {"uv": [4.5, 6.25, 4.75, 6.75], "texture": "#1"},
				"west": {"uv": [4.75, 6.25, 5, 6.75], "texture": "#1"},
				"up": {"uv": [2.5, 7, 2.25, 6.75], "texture": "#1"},
				"down": {"uv": [7, 2.25, 6.75, 2.5], "texture": "#1"}
			}
		},
		{
			"from": [9, 5, 8],
			"to": [10, 10, 9],
			"faces": {
				"north": {"uv": [4, 4.75, 4.25, 6], "texture": "#1"},
				"east": {"uv": [4.25, 4.75, 4.5, 6], "texture": "#1"},
				"south": {"uv": [4.75, 4.5, 5, 5.75], "texture": "#1"},
				"west": {"uv": [5, 3.25, 5.25, 4.5], "texture": "#1"},
				"up": {"uv": [2.25, 7, 2, 6.75], "texture": "#1"},
				"down": {"uv": [7, 2, 6.75, 2.25], "texture": "#1"}
			}
		},
		{
			"from": [9, 9, 8],
			"to": [12, 10, 9],
			"faces": {
				"north": {"uv": [1, 6.25, 1.75, 6.5], "texture": "#1"},
				"east": {"uv": [1.5, 6.75, 1.75, 7], "texture": "#1"},
				"south": {"uv": [6.25, 1, 7, 1.25], "texture": "#1"},
				"west": {"uv": [6.75, 1.75, 7, 2], "texture": "#1"},
				"up": {"uv": [7, 1.5, 6.25, 1.25], "texture": "#1"},
				"down": {"uv": [7, 1.5, 6.25, 1.75], "texture": "#1"}
			}
		},
		{
			"from": [9, 7, 8],
			"to": [12, 8, 9],
			"faces": {
				"north": {"uv": [0.25, 6.25, 1, 6.5], "texture": "#1"},
				"east": {"uv": [1, 6.75, 1.25, 7], "texture": "#1"},
				"south": {"uv": [6.25, 0.25, 7, 0.5], "texture": "#1"},
				"west": {"uv": [1.25, 6.75, 1.5, 7], "texture": "#1"},
				"up": {"uv": [7, 0.75, 6.25, 0.5], "texture": "#1"},
				"down": {"uv": [7, 0.75, 6.25, 1], "texture": "#1"}
			}
		},
		{
			"from": [9, 5, 8],
			"to": [12, 6, 9],
			"faces": {
				"north": {"uv": [4.75, 6, 5.5, 6.25], "texture": "#1"},
				"east": {"uv": [0.5, 6.75, 0.75, 7], "texture": "#1"},
				"south": {"uv": [5.5, 6, 6.25, 6.25], "texture": "#1"},
				"west": {"uv": [0.75, 6.75, 1, 7], "texture": "#1"},
				"up": {"uv": [6.75, 5.75, 6, 5.5], "texture": "#1"},
				"down": {"uv": [6.75, 5.75, 6, 6], "texture": "#1"}
			}
		},
		{
			"from": [13, 5, 8],
			"to": [16, 6, 9],
			"faces": {
				"north": {"uv": [1.75, 6, 2.5, 6.25], "texture": "#1"},
				"east": {"uv": [6.5, 6.5, 6.75, 6.75], "texture": "#1"},
				"south": {"uv": [2.5, 6, 3.25, 6.25], "texture": "#1"},
				"west": {"uv": [0.25, 6.75, 0.5, 7], "texture": "#1"},
				"up": {"uv": [4, 6.25, 3.25, 6], "texture": "#1"},
				"down": {"uv": [4.75, 6, 4, 6.25], "texture": "#1"}
			}
		},
		{
			"from": [13, 5, 8],
			"to": [14, 10, 9],
			"faces": {
				"north": {"uv": [3.25, 4.75, 3.5, 6], "texture": "#1"},
				"east": {"uv": [4.75, 3.25, 5, 4.5], "texture": "#1"},
				"south": {"uv": [3.5, 4.75, 3.75, 6], "texture": "#1"},
				"west": {"uv": [3.75, 4.75, 4, 6], "texture": "#1"},
				"up": {"uv": [6.5, 6.75, 6.25, 6.5], "texture": "#1"},
				"down": {"uv": [6.75, 6.25, 6.5, 6.5], "texture": "#1"}
			}
		},
		{
			"from": [13, 9, 8],
			"to": [16, 10, 9],
			"faces": {
				"north": {"uv": [4.5, 5.75, 5.25, 6], "texture": "#1"},
				"east": {"uv": [6, 6.5, 6.25, 6.75], "texture": "#1"},
				"south": {"uv": [5.25, 5.75, 6, 6], "texture": "#1"},
				"west": {"uv": [6.5, 6, 6.75, 6.25], "texture": "#1"},
				"up": {"uv": [1, 6.25, 0.25, 6], "texture": "#1"},
				"down": {"uv": [1.75, 6, 1, 6.25], "texture": "#1"}
			}
		},
		{
			"from": [-1, 3, 7],
			"to": [17, 12, 8],
			"faces": {
				"north": {"uv": [0, 0, 4.5, 2.25], "texture": "#1"},
				"east": {"uv": [4.5, 3.25, 4.75, 5.5], "texture": "#1"},
				"south": {"uv": [0, 2.25, 4.5, 4.5], "texture": "#1"},
				"west": {"uv": [0, 4.75, 0.25, 7], "texture": "#1"},
				"up": {"uv": [4.5, 4.75, 0, 4.5], "texture": "#1"},
				"down": {"uv": [9, 0, 4.5, 0.25], "texture": "#1"}
			}
		}
	],
	"display": {
		"thirdperson_righthand": {
			"translation": [0, 3.5, 0],
			"scale": [0.65, 0.65, 0.65]
		},
		"thirdperson_lefthand": {
			"translation": [0, 3.5, 0],
			"scale": [0.65, 0.65, 0.65]
		},
		"ground": {
			"translation": [0, 3, 0]
		},
		"gui": {
			"scale": [0.9, 0.9, 0.9]
		},
		"head": {
			"translation": [0, 24, 0]
		},
		"fixed": {
			"translation": [0, 1, 0],
			"scale": [1.91, 1.91, 1.91]
		}
	}
}